-- ==========================================
-- NEXA SOCIAL & IMAGE CMS MASSIVE SEED SCRIPT
-- ==========================================

-- Clear existing seed data
SET FOREIGN_KEY_CHECKS = 0;
TRUNCATE TABLE follows;
TRUNCATE TABLE comments;
TRUNCATE TABLE saves;
TRUNCATE TABLE likes;
TRUNCATE TABLE image_tags;
TRUNCATE TABLE images;
TRUNCATE TABLE tags;
TRUNCATE TABLE users;
SET FOREIGN_KEY_CHECKS = 1;

-- Seeding Users
INSERT INTO users (id, full_name, username, email, password_hash, avatar_url, bio, location) VALUES
  (1, 'Nexa Admin', 'admin', 'admin@nexa.com', '$2a$12$R.S4.i3g.V1QexGgN2qPZexC.B6V04JkL5YlP1h72oB2YcIe0x7p.', 'https://images.unsplash.com/photo-1535713875002-d1d0cf377fde?auto=format&fit=crop&w=150&q=80', 'Official Administrator of Nexa Platform. Exploring AI and photography.', 'San Francisco, CA'),
  (2, 'Priya Sharma', 'priya_shoots', 'priya@nexa.com', '$2a$12$R.S4.i3g.V1QexGgN2qPZexC.B6V04JkL5YlP1h72oB2YcIe0x7p.', 'https://images.unsplash.com/photo-1494790108377-be9c29b29330?auto=format&fit=crop&w=150&q=80', 'Photographer & visual storyteller. Capturing everyday moments.', 'Mumbai, India'),
  (3, 'Rahul Verma', 'rahul.creates', 'rahul@nexa.com', '$2a$12$R.S4.i3g.V1QexGgN2qPZexC.B6V04JkL5YlP1h72oB2YcIe0x7p.', 'https://images.unsplash.com/photo-1507003211169-0a1dd7228f2d?auto=format&fit=crop&w=150&q=80', 'UI/UX Designer | Minimalist. Less is more.', 'Delhi, India'),
  (4, 'Ananya Gupta', 'ananya_art', 'ananya@nexa.com', '$2a$12$R.S4.i3g.V1QexGgN2qPZexC.B6V04JkL5YlP1h72oB2YcIe0x7p.', 'https://images.unsplash.com/photo-1438761681033-6461ffad8d80?auto=format&fit=crop&w=150&q=80', 'Digital artist & dreamer. Creating magic with pixels.', 'Bangalore, India'),
  (5, 'Vikram Singh', 'vikram.lens', 'vikram@nexa.com', '$2a$12$R.S4.i3g.V1QexGgN2qPZexC.B6V04JkL5YlP1h72oB2YcIe0x7p.', 'https://images.unsplash.com/photo-1500648767791-00dcc994a43e?auto=format&fit=crop&w=150&q=80', 'Travel photographer. Wandering where the wifi is weak.', 'Jaipur, India'),
  (6, 'Meera Patel', 'meera_clicks', 'meera@nexa.com', '$2a$12$R.S4.i3g.V1QexGgN2qPZexC.B6V04JkL5YlP1h72oB2YcIe0x7p.', 'https://images.unsplash.com/photo-1544005313-94ddf0286df2?auto=format&fit=crop&w=150&q=80', 'Nature lover & macro photographer. Seeing small things.', 'Ahmedabad, India'),
  (7, 'Arjun Reddy', 'arjun.visuals', 'arjun@nexa.com', '$2a$12$R.S4.i3g.V1QexGgN2qPZexC.B6V04JkL5YlP1h72oB2YcIe0x7p.', 'https://images.unsplash.com/photo-1506794778202-cad84cf45f1d?auto=format&fit=crop&w=150&q=80', 'Filmmaker & cinematic content creator.', 'Hyderabad, India'),
  (8, 'Kavya Nair', 'kavya_designs', 'kavya@nexa.com', '$2a$12$R.S4.i3g.V1QexGgN2qPZexC.B6V04JkL5YlP1h72oB2YcIe0x7p.', 'https://images.unsplash.com/photo-1534528741775-53994a69daeb?auto=format&fit=crop&w=150&q=80', 'Graphic designer and art director.', 'Chennai, India'),
  (9, 'Rohan Das', 'rohan.captures', 'rohan@nexa.com', '$2a$12$R.S4.i3g.V1QexGgN2qPZexC.B6V04JkL5YlP1h72oB2YcIe0x7p.', 'https://images.unsplash.com/photo-1519085360753-af0119f7cbe7?auto=format&fit=crop&w=150&q=80', 'Street photography enthusiast. Finding beauty in the chaos.', 'Kolkata, India'),
  (10, 'Sneha Joshi', 'sneha_frames', 'sneha@nexa.com', '$2a$12$R.S4.i3g.V1QexGgN2qPZexC.B6V04JkL5YlP1h72oB2YcIe0x7p.', 'https://images.unsplash.com/photo-1517841905240-472988babdf9?auto=format&fit=crop&w=150&q=80', 'Fashion & lifestyle blogger. Curating my aesthetic.', 'Pune, India');

-- Seeding Tags
INSERT INTO tags (id, name) VALUES
  (1, 'nature'),
  (2, 'city'),
  (3, 'animals'),
  (4, 'technology'),
  (5, 'art'),
  (6, 'travel'),
  (7, 'architecture'),
  (8, 'fashion'),
  (9, 'lifestyle'),
  (10, 'interior'),
  (11, 'food'),
  (12, 'sports');

-- Seeding Images
INSERT INTO images (id, user_id, title, caption, image_url, source_type, view_count, like_count, comment_count, save_count) VALUES
  (1, 8, 'Wild Abstract 1', 'A fantastic shot capturing the essence of a wild abstract.', 'https://picsum.photos/seed/nexa_massive_1/800/600', 'upload', 433, 6, 1, 1),
  (2, 3, 'Vibrant Sunset 2', 'A fantastic shot capturing the essence of a vibrant sunset.', 'https://picsum.photos/seed/nexa_massive_2/800/600', 'upload', 219, 1, 2, 2),
  (3, 4, 'Beautiful Abstract 3', 'A fantastic shot capturing the essence of a beautiful abstract.', 'https://picsum.photos/seed/nexa_massive_3/800/600', 'upload', 98, 6, 3, 2),
  (4, 4, 'Minimalist Forest 4', 'A fantastic shot capturing the essence of a minimalist forest.', 'https://picsum.photos/seed/nexa_massive_4/800/600', 'upload', 421, 5, 0, 1),
  (5, 2, 'Dark Abstract 5', 'A fantastic shot capturing the essence of a dark abstract.', 'https://picsum.photos/seed/nexa_massive_5/800/600', 'upload', 459, 1, 2, 1),
  (6, 8, 'Stunning Cityscape 6', 'A fantastic shot capturing the essence of a stunning cityscape.', 'https://picsum.photos/seed/nexa_massive_6/800/600', 'upload', 451, 4, 0, 0),
  (7, 2, 'Dark Portrait 7', 'A fantastic shot capturing the essence of a dark portrait.', 'https://picsum.photos/seed/nexa_massive_7/800/600', 'upload', 290, 6, 3, 0),
  (8, 4, 'Minimalist Sunset 8', 'A fantastic shot capturing the essence of a minimalist sunset.', 'https://picsum.photos/seed/nexa_massive_8/800/600', 'upload', 164, 4, 2, 0),
  (9, 5, 'Vibrant Landscape 9', 'A fantastic shot capturing the essence of a vibrant landscape.', 'https://picsum.photos/seed/nexa_massive_9/800/600', 'upload', 420, 3, 0, 1),
  (10, 10, 'Dark Architecture 10', 'A fantastic shot capturing the essence of a dark architecture.', 'https://picsum.photos/seed/nexa_massive_10/800/600', 'upload', 160, 5, 3, 1),
  (11, 4, 'Calm Abstract 11', 'A fantastic shot capturing the essence of a calm abstract.', 'https://picsum.photos/seed/nexa_massive_11/800/600', 'upload', 441, 2, 0, 0),
  (12, 4, 'Bright Abstract 12', 'A fantastic shot capturing the essence of a bright abstract.', 'https://picsum.photos/seed/nexa_massive_12/800/600', 'upload', 278, 5, 1, 1),
  (13, 8, 'Vibrant Forest 13', 'A fantastic shot capturing the essence of a vibrant forest.', 'https://picsum.photos/seed/nexa_massive_13/800/600', 'upload', 135, 4, 1, 0),
  (14, 3, 'Wild Portrait 14', 'A fantastic shot capturing the essence of a wild portrait.', 'https://picsum.photos/seed/nexa_massive_14/800/600', 'upload', 225, 2, 3, 3),
  (15, 5, 'Bright Mountain 15', 'A fantastic shot capturing the essence of a bright mountain.', 'https://picsum.photos/seed/nexa_massive_15/800/600', 'upload', 372, 5, 2, 2),
  (16, 4, 'Vibrant Architecture 16', 'A fantastic shot capturing the essence of a vibrant architecture.', 'https://picsum.photos/seed/nexa_massive_16/800/600', 'upload', 493, 5, 3, 1),
  (17, 4, 'Stunning Architecture 17', 'A fantastic shot capturing the essence of a stunning architecture.', 'https://picsum.photos/seed/nexa_massive_17/800/600', 'upload', 288, 7, 3, 1),
  (18, 4, 'Minimalist Ocean 18', 'A fantastic shot capturing the essence of a minimalist ocean.', 'https://picsum.photos/seed/nexa_massive_18/800/600', 'upload', 494, 2, 3, 4),
  (19, 10, 'Minimalist Forest 19', 'A fantastic shot capturing the essence of a minimalist forest.', 'https://picsum.photos/seed/nexa_massive_19/800/600', 'upload', 58, 1, 1, 2),
  (20, 1, 'Minimalist Forest 20', 'A fantastic shot capturing the essence of a minimalist forest.', 'https://picsum.photos/seed/nexa_massive_20/800/600', 'upload', 72, 1, 3, 1),
  (21, 10, 'Epic Portrait 21', 'A fantastic shot capturing the essence of a epic portrait.', 'https://picsum.photos/seed/nexa_massive_21/800/600', 'upload', 458, 7, 3, 1),
  (22, 1, 'Vibrant Abstract 22', 'A fantastic shot capturing the essence of a vibrant abstract.', 'https://picsum.photos/seed/nexa_massive_22/800/600', 'upload', 84, 3, 2, 0),
  (23, 8, 'Wild Forest 23', 'A fantastic shot capturing the essence of a wild forest.', 'https://picsum.photos/seed/nexa_massive_23/800/600', 'upload', 494, 2, 1, 0),
  (24, 5, 'Vibrant Street 24', 'A fantastic shot capturing the essence of a vibrant street.', 'https://picsum.photos/seed/nexa_massive_24/800/600', 'upload', 319, 7, 3, 3),
  (25, 5, 'Beautiful Architecture 25', 'A fantastic shot capturing the essence of a beautiful architecture.', 'https://picsum.photos/seed/nexa_massive_25/800/600', 'upload', 325, 6, 0, 0),
  (26, 9, 'Vibrant Sunset 26', 'A fantastic shot capturing the essence of a vibrant sunset.', 'https://picsum.photos/seed/nexa_massive_26/800/600', 'upload', 322, 6, 2, 0),
  (27, 6, 'Vibrant Abstract 27', 'A fantastic shot capturing the essence of a vibrant abstract.', 'https://picsum.photos/seed/nexa_massive_27/800/600', 'upload', 319, 2, 3, 0),
  (28, 1, 'Wild Landscape 28', 'A fantastic shot capturing the essence of a wild landscape.', 'https://picsum.photos/seed/nexa_massive_28/800/600', 'upload', 305, 2, 2, 0),
  (29, 8, 'Bright Cityscape 29', 'A fantastic shot capturing the essence of a bright cityscape.', 'https://picsum.photos/seed/nexa_massive_29/800/600', 'upload', 124, 7, 2, 1),
  (30, 7, 'Minimalist Architecture 30', 'A fantastic shot capturing the essence of a minimalist architecture.', 'https://picsum.photos/seed/nexa_massive_30/800/600', 'upload', 421, 6, 1, 3),
  (31, 5, 'Vibrant Landscape 31', 'A fantastic shot capturing the essence of a vibrant landscape.', 'https://picsum.photos/seed/nexa_massive_31/800/600', 'upload', 146, 7, 2, 4),
  (32, 1, 'Vibrant Cityscape 32', 'A fantastic shot capturing the essence of a vibrant cityscape.', 'https://picsum.photos/seed/nexa_massive_32/800/600', 'upload', 179, 5, 1, 1),
  (33, 4, 'Vibrant Portrait 33', 'A fantastic shot capturing the essence of a vibrant portrait.', 'https://picsum.photos/seed/nexa_massive_33/800/600', 'upload', 443, 6, 0, 0),
  (34, 9, 'Bright Architecture 34', 'A fantastic shot capturing the essence of a bright architecture.', 'https://picsum.photos/seed/nexa_massive_34/800/600', 'upload', 241, 1, 3, 4),
  (35, 7, 'Vibrant Portrait 35', 'A fantastic shot capturing the essence of a vibrant portrait.', 'https://picsum.photos/seed/nexa_massive_35/800/600', 'upload', 250, 6, 2, 1),
  (36, 5, 'Bright Mountain 36', 'A fantastic shot capturing the essence of a bright mountain.', 'https://picsum.photos/seed/nexa_massive_36/800/600', 'upload', 390, 4, 3, 1),
  (37, 4, 'Epic Portrait 37', 'A fantastic shot capturing the essence of a epic portrait.', 'https://picsum.photos/seed/nexa_massive_37/800/600', 'upload', 207, 5, 2, 1),
  (38, 8, 'Minimalist Forest 38', 'A fantastic shot capturing the essence of a minimalist forest.', 'https://picsum.photos/seed/nexa_massive_38/800/600', 'upload', 127, 2, 0, 1),
  (39, 6, 'Cozy Cityscape 39', 'A fantastic shot capturing the essence of a cozy cityscape.', 'https://picsum.photos/seed/nexa_massive_39/800/600', 'upload', 113, 4, 1, 3),
  (40, 3, 'Vibrant Sunset 40', 'A fantastic shot capturing the essence of a vibrant sunset.', 'https://picsum.photos/seed/nexa_massive_40/800/600', 'upload', 376, 5, 3, 1),
  (41, 7, 'Minimalist Abstract 41', 'A fantastic shot capturing the essence of a minimalist abstract.', 'https://picsum.photos/seed/nexa_massive_41/800/600', 'upload', 234, 3, 0, 3),
  (42, 2, 'Minimalist Landscape 42', 'A fantastic shot capturing the essence of a minimalist landscape.', 'https://picsum.photos/seed/nexa_massive_42/800/600', 'upload', 232, 2, 3, 1),
  (43, 4, 'Bright Sunset 43', 'A fantastic shot capturing the essence of a bright sunset.', 'https://picsum.photos/seed/nexa_massive_43/800/600', 'upload', 182, 6, 1, 3),
  (44, 10, 'Beautiful Architecture 44', 'A fantastic shot capturing the essence of a beautiful architecture.', 'https://picsum.photos/seed/nexa_massive_44/800/600', 'upload', 264, 7, 2, 3),
  (45, 8, 'Stunning Sunset 45', 'A fantastic shot capturing the essence of a stunning sunset.', 'https://picsum.photos/seed/nexa_massive_45/800/600', 'upload', 235, 2, 2, 4),
  (46, 1, 'Cozy Cityscape 46', 'A fantastic shot capturing the essence of a cozy cityscape.', 'https://picsum.photos/seed/nexa_massive_46/800/600', 'upload', 238, 4, 3, 3),
  (47, 8, 'Calm Cityscape 47', 'A fantastic shot capturing the essence of a calm cityscape.', 'https://picsum.photos/seed/nexa_massive_47/800/600', 'upload', 66, 3, 2, 2),
  (48, 6, 'Beautiful Abstract 48', 'A fantastic shot capturing the essence of a beautiful abstract.', 'https://picsum.photos/seed/nexa_massive_48/800/600', 'upload', 417, 3, 0, 3),
  (49, 4, 'Dark Cityscape 49', 'A fantastic shot capturing the essence of a dark cityscape.', 'https://picsum.photos/seed/nexa_massive_49/800/600', 'upload', 304, 6, 2, 0),
  (50, 4, 'Cozy Landscape 50', 'A fantastic shot capturing the essence of a cozy landscape.', 'https://picsum.photos/seed/nexa_massive_50/800/600', 'upload', 233, 5, 1, 3),
  (51, 6, 'Stunning Street 51', 'A fantastic shot capturing the essence of a stunning street.', 'https://picsum.photos/seed/nexa_massive_51/800/600', 'upload', 364, 3, 3, 2),
  (52, 6, 'Calm Portrait 52', 'A fantastic shot capturing the essence of a calm portrait.', 'https://picsum.photos/seed/nexa_massive_52/800/600', 'upload', 66, 6, 1, 0),
  (53, 2, 'Stunning Abstract 53', 'A fantastic shot capturing the essence of a stunning abstract.', 'https://picsum.photos/seed/nexa_massive_53/800/600', 'upload', 198, 2, 1, 3),
  (54, 8, 'Cozy Forest 54', 'A fantastic shot capturing the essence of a cozy forest.', 'https://picsum.photos/seed/nexa_massive_54/800/600', 'upload', 311, 7, 3, 1),
  (55, 2, 'Cozy Portrait 55', 'A fantastic shot capturing the essence of a cozy portrait.', 'https://picsum.photos/seed/nexa_massive_55/800/600', 'upload', 271, 2, 0, 1),
  (56, 1, 'Dark Ocean 56', 'A fantastic shot capturing the essence of a dark ocean.', 'https://picsum.photos/seed/nexa_massive_56/800/600', 'upload', 241, 2, 3, 3),
  (57, 8, 'Vibrant Architecture 57', 'A fantastic shot capturing the essence of a vibrant architecture.', 'https://picsum.photos/seed/nexa_massive_57/800/600', 'upload', 409, 1, 1, 2),
  (58, 1, 'Cozy Street 58', 'A fantastic shot capturing the essence of a cozy street.', 'https://picsum.photos/seed/nexa_massive_58/800/600', 'upload', 182, 4, 1, 2),
  (59, 10, 'Stunning Forest 59', 'A fantastic shot capturing the essence of a stunning forest.', 'https://picsum.photos/seed/nexa_massive_59/800/600', 'upload', 389, 2, 2, 2),
  (60, 6, 'Minimalist Ocean 60', 'A fantastic shot capturing the essence of a minimalist ocean.', 'https://picsum.photos/seed/nexa_massive_60/800/600', 'upload', 298, 6, 3, 0),
  (61, 9, 'Beautiful Abstract 61', 'A fantastic shot capturing the essence of a beautiful abstract.', 'https://picsum.photos/seed/nexa_massive_61/800/600', 'upload', 246, 4, 3, 3),
  (62, 9, 'Dark Portrait 62', 'A fantastic shot capturing the essence of a dark portrait.', 'https://picsum.photos/seed/nexa_massive_62/800/600', 'upload', 116, 5, 1, 1),
  (63, 4, 'Dark Portrait 63', 'A fantastic shot capturing the essence of a dark portrait.', 'https://picsum.photos/seed/nexa_massive_63/800/600', 'upload', 125, 5, 1, 2),
  (64, 10, 'Vibrant Landscape 64', 'A fantastic shot capturing the essence of a vibrant landscape.', 'https://picsum.photos/seed/nexa_massive_64/800/600', 'upload', 496, 7, 3, 0),
  (65, 10, 'Cozy Ocean 65', 'A fantastic shot capturing the essence of a cozy ocean.', 'https://picsum.photos/seed/nexa_massive_65/800/600', 'upload', 180, 5, 3, 4),
  (66, 9, 'Dark Portrait 66', 'A fantastic shot capturing the essence of a dark portrait.', 'https://picsum.photos/seed/nexa_massive_66/800/600', 'upload', 183, 5, 2, 0),
  (67, 4, 'Epic Architecture 67', 'A fantastic shot capturing the essence of a epic architecture.', 'https://picsum.photos/seed/nexa_massive_67/800/600', 'upload', 393, 4, 0, 4),
  (68, 3, 'Bright Mountain 68', 'A fantastic shot capturing the essence of a bright mountain.', 'https://picsum.photos/seed/nexa_massive_68/800/600', 'upload', 385, 5, 0, 3),
  (69, 6, 'Vibrant Architecture 69', 'A fantastic shot capturing the essence of a vibrant architecture.', 'https://picsum.photos/seed/nexa_massive_69/800/600', 'upload', 292, 5, 0, 2),
  (70, 10, 'Stunning Abstract 70', 'A fantastic shot capturing the essence of a stunning abstract.', 'https://picsum.photos/seed/nexa_massive_70/800/600', 'upload', 323, 5, 2, 1),
  (71, 5, 'Stunning Street 71', 'A fantastic shot capturing the essence of a stunning street.', 'https://picsum.photos/seed/nexa_massive_71/800/600', 'upload', 437, 5, 1, 3),
  (72, 7, 'Stunning Landscape 72', 'A fantastic shot capturing the essence of a stunning landscape.', 'https://picsum.photos/seed/nexa_massive_72/800/600', 'upload', 343, 4, 2, 1),
  (73, 1, 'Stunning Landscape 73', 'A fantastic shot capturing the essence of a stunning landscape.', 'https://picsum.photos/seed/nexa_massive_73/800/600', 'upload', 89, 1, 0, 0),
  (74, 3, 'Vibrant Street 74', 'A fantastic shot capturing the essence of a vibrant street.', 'https://picsum.photos/seed/nexa_massive_74/800/600', 'upload', 134, 7, 2, 4),
  (75, 7, 'Epic Forest 75', 'A fantastic shot capturing the essence of a epic forest.', 'https://picsum.photos/seed/nexa_massive_75/800/600', 'upload', 76, 4, 2, 2),
  (76, 9, 'Calm Architecture 76', 'A fantastic shot capturing the essence of a calm architecture.', 'https://picsum.photos/seed/nexa_massive_76/800/600', 'upload', 395, 6, 3, 2),
  (77, 1, 'Cozy Architecture 77', 'A fantastic shot capturing the essence of a cozy architecture.', 'https://picsum.photos/seed/nexa_massive_77/800/600', 'upload', 165, 4, 3, 0),
  (78, 4, 'Beautiful Landscape 78', 'A fantastic shot capturing the essence of a beautiful landscape.', 'https://picsum.photos/seed/nexa_massive_78/800/600', 'upload', 153, 1, 0, 4),
  (79, 4, 'Cozy Landscape 79', 'A fantastic shot capturing the essence of a cozy landscape.', 'https://picsum.photos/seed/nexa_massive_79/800/600', 'upload', 219, 1, 2, 0),
  (80, 3, 'Calm Cityscape 80', 'A fantastic shot capturing the essence of a calm cityscape.', 'https://picsum.photos/seed/nexa_massive_80/800/600', 'upload', 78, 2, 0, 2),
  (81, 6, 'Cozy Portrait 81', 'A fantastic shot capturing the essence of a cozy portrait.', 'https://picsum.photos/seed/nexa_massive_81/800/600', 'upload', 127, 2, 2, 3),
  (82, 10, 'Calm Architecture 82', 'A fantastic shot capturing the essence of a calm architecture.', 'https://picsum.photos/seed/nexa_massive_82/800/600', 'upload', 124, 5, 2, 1),
  (83, 9, 'Cozy Forest 83', 'A fantastic shot capturing the essence of a cozy forest.', 'https://picsum.photos/seed/nexa_massive_83/800/600', 'upload', 326, 6, 0, 0),
  (84, 9, 'Bright Forest 84', 'A fantastic shot capturing the essence of a bright forest.', 'https://picsum.photos/seed/nexa_massive_84/800/600', 'upload', 173, 7, 1, 3),
  (85, 9, 'Bright Architecture 85', 'A fantastic shot capturing the essence of a bright architecture.', 'https://picsum.photos/seed/nexa_massive_85/800/600', 'upload', 335, 2, 0, 0),
  (86, 9, 'Minimalist Landscape 86', 'A fantastic shot capturing the essence of a minimalist landscape.', 'https://picsum.photos/seed/nexa_massive_86/800/600', 'upload', 423, 5, 3, 2),
  (87, 5, 'Minimalist Sunset 87', 'A fantastic shot capturing the essence of a minimalist sunset.', 'https://picsum.photos/seed/nexa_massive_87/800/600', 'upload', 408, 3, 0, 0),
  (88, 1, 'Dark Mountain 88', 'A fantastic shot capturing the essence of a dark mountain.', 'https://picsum.photos/seed/nexa_massive_88/800/600', 'upload', 85, 5, 3, 4),
  (89, 4, 'Beautiful Architecture 89', 'A fantastic shot capturing the essence of a beautiful architecture.', 'https://picsum.photos/seed/nexa_massive_89/800/600', 'upload', 130, 6, 1, 4),
  (90, 5, 'Calm Forest 90', 'A fantastic shot capturing the essence of a calm forest.', 'https://picsum.photos/seed/nexa_massive_90/800/600', 'upload', 479, 7, 1, 1),
  (91, 9, 'Cozy Cityscape 91', 'A fantastic shot capturing the essence of a cozy cityscape.', 'https://picsum.photos/seed/nexa_massive_91/800/600', 'upload', 119, 3, 1, 2),
  (92, 9, 'Bright Mountain 92', 'A fantastic shot capturing the essence of a bright mountain.', 'https://picsum.photos/seed/nexa_massive_92/800/600', 'upload', 305, 2, 1, 3),
  (93, 4, 'Cozy Ocean 93', 'A fantastic shot capturing the essence of a cozy ocean.', 'https://picsum.photos/seed/nexa_massive_93/800/600', 'upload', 122, 7, 2, 4),
  (94, 1, 'Minimalist Forest 94', 'A fantastic shot capturing the essence of a minimalist forest.', 'https://picsum.photos/seed/nexa_massive_94/800/600', 'upload', 263, 7, 1, 0),
  (95, 9, 'Cozy Abstract 95', 'A fantastic shot capturing the essence of a cozy abstract.', 'https://picsum.photos/seed/nexa_massive_95/800/600', 'upload', 222, 3, 1, 0),
  (96, 3, 'Bright Street 96', 'A fantastic shot capturing the essence of a bright street.', 'https://picsum.photos/seed/nexa_massive_96/800/600', 'upload', 373, 5, 3, 1),
  (97, 7, 'Dark Forest 97', 'A fantastic shot capturing the essence of a dark forest.', 'https://picsum.photos/seed/nexa_massive_97/800/600', 'upload', 416, 4, 1, 1),
  (98, 2, 'Stunning Abstract 98', 'A fantastic shot capturing the essence of a stunning abstract.', 'https://picsum.photos/seed/nexa_massive_98/800/600', 'upload', 283, 7, 1, 1),
  (99, 6, 'Epic Architecture 99', 'A fantastic shot capturing the essence of a epic architecture.', 'https://picsum.photos/seed/nexa_massive_99/800/600', 'upload', 120, 2, 1, 0),
  (100, 2, 'Calm Sunset 100', 'A fantastic shot capturing the essence of a calm sunset.', 'https://picsum.photos/seed/nexa_massive_100/800/600', 'upload', 228, 1, 0, 0);

-- Seeding Image Tags
INSERT INTO image_tags (image_id, tag_id) VALUES
  (1, 2),
  (1, 8),
  (2, 7),
  (2, 12),
  (2, 11),
  (3, 1),
  (4, 12),
  (4, 1),
  (5, 1),
  (5, 11),
  (6, 12),
  (6, 6),
  (6, 7),
  (7, 12),
  (7, 6),
  (7, 8),
  (8, 12),
  (8, 11),
  (8, 6),
  (9, 3),
  (9, 9),
  (10, 4),
  (10, 11),
  (10, 3),
  (11, 7),
  (11, 1),
  (12, 11),
  (12, 7),
  (12, 5),
  (13, 6),
  (13, 5),
  (14, 1),
  (15, 5),
  (16, 11),
  (17, 6),
  (18, 10),
  (18, 11),
  (18, 8),
  (19, 7),
  (20, 5),
  (20, 1),
  (21, 1),
  (22, 7),
  (23, 3),
  (23, 9),
  (24, 5),
  (24, 8),
  (25, 7),
  (25, 11),
  (26, 5),
  (26, 1),
  (26, 2),
  (27, 6),
  (28, 2),
  (29, 3),
  (29, 9),
  (29, 2),
  (30, 7),
  (31, 11),
  (32, 1),
  (32, 6),
  (33, 6),
  (34, 5),
  (34, 8),
  (34, 3),
  (35, 5),
  (35, 2),
  (36, 10),
  (37, 10),
  (37, 3),
  (38, 8),
  (39, 1),
  (39, 7),
  (39, 11),
  (40, 1),
  (40, 5),
  (40, 4),
  (41, 9),
  (41, 11),
  (42, 10),
  (42, 7),
  (43, 7),
  (43, 5),
  (43, 3),
  (44, 7),
  (44, 10),
  (44, 8),
  (45, 7),
  (45, 11),
  (45, 3),
  (46, 4),
  (46, 12),
  (46, 6),
  (47, 12),
  (47, 6),
  (47, 3),
  (48, 4),
  (49, 7),
  (49, 4),
  (50, 8),
  (50, 11),
  (50, 12),
  (51, 2),
  (52, 2),
  (52, 12),
  (52, 4),
  (53, 8),
  (53, 2),
  (53, 4),
  (54, 6),
  (54, 4),
  (54, 12),
  (55, 7),
  (56, 10),
  (56, 9),
  (56, 4),
  (57, 12),
  (58, 3),
  (59, 10),
  (59, 4),
  (60, 10),
  (60, 4),
  (60, 11),
  (61, 8),
  (61, 10),
  (62, 10),
  (62, 1),
  (62, 7),
  (63, 6),
  (63, 12),
  (64, 2),
  (64, 12),
  (64, 5),
  (65, 5),
  (66, 6),
  (66, 2),
  (66, 9),
  (67, 1),
  (67, 6),
  (67, 7),
  (68, 5),
  (68, 6),
  (68, 7),
  (69, 8),
  (69, 4),
  (70, 1),
  (70, 7),
  (70, 12),
  (71, 9),
  (71, 12),
  (71, 5),
  (72, 5),
  (73, 8),
  (74, 4),
  (75, 5),
  (75, 3),
  (76, 8),
  (77, 1),
  (77, 9),
  (77, 12),
  (78, 6),
  (79, 2),
  (79, 1),
  (79, 10),
  (80, 8),
  (80, 11),
  (81, 3),
  (82, 2),
  (82, 11),
  (83, 5),
  (83, 4),
  (83, 8),
  (84, 7),
  (84, 12),
  (85, 2),
  (85, 4),
  (85, 10),
  (86, 12),
  (87, 3),
  (88, 9),
  (88, 1),
  (89, 6),
  (90, 5),
  (91, 10),
  (91, 7),
  (91, 1),
  (92, 9),
  (92, 3),
  (93, 11),
  (94, 7),
  (94, 3),
  (94, 11),
  (95, 5),
  (95, 8),
  (96, 9),
  (96, 2),
  (97, 10),
  (97, 4),
  (97, 1),
  (98, 7),
  (98, 8),
  (99, 10),
  (100, 2),
  (100, 3);

-- Seeding Likes
INSERT INTO likes (user_id, image_id) VALUES
  (9, 1),
  (7, 1),
  (6, 1),
  (2, 1),
  (1, 1),
  (4, 1),
  (7, 2),
  (2, 3),
  (7, 3),
  (8, 3),
  (10, 3),
  (4, 3),
  (6, 3),
  (10, 4),
  (9, 4),
  (7, 4),
  (5, 4),
  (3, 4),
  (7, 5),
  (10, 6),
  (7, 6),
  (6, 6),
  (5, 6),
  (9, 7),
  (4, 7),
  (7, 7),
  (5, 7),
  (8, 7),
  (6, 7),
  (5, 8),
  (2, 8),
  (6, 8),
  (10, 8),
  (1, 9),
  (4, 9),
  (8, 9),
  (5, 10),
  (8, 10),
  (7, 10),
  (9, 10),
  (2, 10),
  (3, 11),
  (8, 11),
  (8, 12),
  (1, 12),
  (2, 12),
  (5, 12),
  (4, 12),
  (9, 13),
  (5, 13),
  (8, 13),
  (2, 13),
  (3, 14),
  (4, 14),
  (10, 15),
  (2, 15),
  (9, 15),
  (7, 15),
  (3, 15),
  (8, 16),
  (6, 16),
  (9, 16),
  (1, 16),
  (5, 16),
  (10, 17),
  (6, 17),
  (5, 17),
  (8, 17),
  (1, 17),
  (7, 17),
  (4, 17),
  (6, 18),
  (7, 18),
  (7, 19),
  (4, 20),
  (3, 21),
  (8, 21),
  (10, 21),
  (2, 21),
  (1, 21),
  (5, 21),
  (6, 21),
  (3, 22),
  (8, 22),
  (4, 22),
  (9, 23),
  (7, 23),
  (8, 24),
  (4, 24),
  (6, 24),
  (5, 24),
  (9, 24),
  (7, 24),
  (3, 24),
  (4, 25),
  (1, 25),
  (3, 25),
  (7, 25),
  (9, 25),
  (8, 25),
  (1, 26),
  (8, 26),
  (4, 26),
  (7, 26),
  (10, 26),
  (9, 26),
  (5, 27),
  (9, 27),
  (2, 28),
  (7, 28),
  (6, 29),
  (2, 29),
  (8, 29),
  (3, 29),
  (9, 29),
  (5, 29),
  (10, 29),
  (4, 30),
  (10, 30),
  (2, 30),
  (7, 30),
  (5, 30),
  (6, 30),
  (6, 31),
  (9, 31),
  (5, 31),
  (2, 31),
  (7, 31),
  (10, 31),
  (3, 31),
  (4, 32),
  (1, 32),
  (2, 32),
  (3, 32),
  (6, 32),
  (10, 33),
  (5, 33),
  (9, 33),
  (6, 33),
  (8, 33),
  (2, 33),
  (2, 34),
  (10, 35),
  (2, 35),
  (5, 35),
  (6, 35),
  (9, 35),
  (8, 35),
  (1, 36),
  (5, 36),
  (8, 36),
  (10, 36),
  (5, 37),
  (9, 37),
  (8, 37),
  (3, 37),
  (10, 37),
  (7, 38),
  (10, 38),
  (10, 39),
  (8, 39),
  (7, 39),
  (4, 39),
  (2, 40),
  (7, 40),
  (5, 40),
  (8, 40),
  (1, 40),
  (2, 41),
  (3, 41),
  (8, 41),
  (2, 42),
  (6, 42),
  (10, 43),
  (9, 43),
  (7, 43),
  (4, 43),
  (8, 43),
  (3, 43),
  (1, 44),
  (10, 44),
  (3, 44),
  (9, 44),
  (6, 44),
  (5, 44),
  (8, 44),
  (6, 45),
  (1, 45),
  (7, 46),
  (4, 46),
  (6, 46),
  (2, 46),
  (5, 47),
  (6, 47),
  (8, 47),
  (8, 48),
  (7, 48),
  (1, 48),
  (7, 49),
  (9, 49),
  (8, 49),
  (5, 49),
  (1, 49),
  (4, 49),
  (10, 50),
  (6, 50),
  (8, 50),
  (1, 50),
  (2, 50),
  (10, 51),
  (1, 51),
  (6, 51),
  (1, 52),
  (4, 52),
  (5, 52),
  (9, 52),
  (3, 52),
  (8, 52),
  (1, 53),
  (4, 53),
  (7, 54),
  (10, 54),
  (9, 54),
  (2, 54),
  (3, 54),
  (4, 54),
  (8, 54),
  (1, 55),
  (8, 55),
  (6, 56),
  (9, 56),
  (8, 57),
  (7, 58),
  (5, 58),
  (10, 58),
  (2, 58),
  (2, 59),
  (9, 59),
  (2, 60),
  (5, 60),
  (1, 60),
  (8, 60),
  (10, 60),
  (9, 60),
  (9, 61),
  (3, 61),
  (8, 61),
  (10, 61),
  (7, 62),
  (4, 62),
  (1, 62),
  (5, 62),
  (2, 62),
  (2, 63),
  (4, 63),
  (3, 63),
  (1, 63),
  (8, 63),
  (6, 64),
  (7, 64),
  (9, 64),
  (3, 64),
  (4, 64),
  (10, 64),
  (2, 64),
  (3, 65),
  (1, 65),
  (7, 65),
  (4, 65),
  (8, 65),
  (8, 66),
  (7, 66),
  (5, 66),
  (9, 66),
  (6, 66),
  (8, 67),
  (10, 67),
  (1, 67),
  (3, 67),
  (2, 68),
  (4, 68),
  (1, 68),
  (7, 68),
  (8, 68),
  (4, 69),
  (7, 69),
  (10, 69),
  (3, 69),
  (6, 69),
  (7, 70),
  (5, 70),
  (10, 70),
  (4, 70),
  (6, 70),
  (6, 71),
  (5, 71),
  (9, 71),
  (8, 71),
  (2, 71),
  (1, 72),
  (10, 72),
  (6, 72),
  (4, 72),
  (2, 73),
  (10, 74),
  (3, 74),
  (8, 74),
  (4, 74),
  (1, 74),
  (9, 74),
  (5, 74),
  (1, 75),
  (9, 75),
  (10, 75),
  (4, 75),
  (4, 76),
  (8, 76),
  (6, 76),
  (5, 76),
  (2, 76),
  (3, 76),
  (4, 77),
  (6, 77),
  (1, 77),
  (5, 77),
  (10, 78),
  (4, 79),
  (8, 80),
  (7, 80),
  (7, 81),
  (2, 81),
  (5, 82),
  (10, 82),
  (3, 82),
  (9, 82),
  (4, 82),
  (6, 83),
  (10, 83),
  (3, 83),
  (9, 83),
  (2, 83),
  (7, 83),
  (6, 84),
  (3, 84),
  (1, 84),
  (4, 84),
  (9, 84),
  (7, 84),
  (8, 84),
  (3, 85),
  (1, 85),
  (9, 86),
  (10, 86),
  (4, 86),
  (6, 86),
  (2, 86),
  (10, 87),
  (6, 87),
  (3, 87),
  (8, 88),
  (5, 88),
  (2, 88),
  (1, 88),
  (7, 88),
  (10, 89),
  (1, 89),
  (6, 89),
  (9, 89),
  (8, 89),
  (3, 89),
  (5, 90),
  (1, 90),
  (4, 90),
  (3, 90),
  (7, 90),
  (10, 90),
  (2, 90),
  (1, 91),
  (2, 91),
  (5, 91),
  (7, 92),
  (1, 92),
  (8, 93),
  (4, 93),
  (2, 93),
  (7, 93),
  (10, 93),
  (5, 93),
  (6, 93),
  (7, 94),
  (1, 94),
  (2, 94),
  (3, 94),
  (10, 94),
  (4, 94),
  (6, 94),
  (9, 95),
  (1, 95),
  (7, 95),
  (10, 96),
  (4, 96),
  (2, 96),
  (8, 96),
  (1, 96),
  (1, 97),
  (7, 97),
  (9, 97),
  (10, 97),
  (4, 98),
  (7, 98),
  (8, 98),
  (3, 98),
  (2, 98),
  (9, 98),
  (1, 98),
  (3, 99),
  (1, 99),
  (2, 100);

-- Seeding Saves
INSERT INTO saves (user_id, image_id) VALUES
  (4, 1),
  (3, 2),
  (10, 2),
  (7, 3),
  (2, 3),
  (4, 4),
  (7, 5),
  (5, 9),
  (8, 10),
  (10, 12),
  (2, 14),
  (7, 14),
  (1, 14),
  (10, 15),
  (3, 15),
  (2, 16),
  (1, 17),
  (7, 18),
  (1, 18),
  (2, 18),
  (4, 18),
  (9, 19),
  (7, 19),
  (10, 20),
  (10, 21),
  (10, 24),
  (1, 24),
  (9, 24),
  (9, 29),
  (1, 30),
  (3, 30),
  (8, 30),
  (2, 31),
  (8, 31),
  (4, 31),
  (7, 31),
  (1, 32),
  (1, 34),
  (8, 34),
  (2, 34),
  (6, 34),
  (5, 35),
  (9, 36),
  (8, 37),
  (10, 38),
  (2, 39),
  (1, 39),
  (3, 39),
  (10, 40),
  (9, 41),
  (3, 41),
  (8, 41),
  (8, 42),
  (6, 43),
  (5, 43),
  (1, 43),
  (10, 44),
  (6, 44),
  (5, 44),
  (4, 45),
  (10, 45),
  (6, 45),
  (7, 45),
  (10, 46),
  (1, 46),
  (5, 46),
  (9, 47),
  (2, 47),
  (1, 48),
  (5, 48),
  (2, 48),
  (6, 50),
  (5, 50),
  (8, 50),
  (3, 51),
  (7, 51),
  (5, 53),
  (3, 53),
  (7, 53),
  (3, 54),
  (2, 55),
  (7, 56),
  (5, 56),
  (8, 56),
  (5, 57),
  (3, 57),
  (10, 58),
  (8, 58),
  (1, 59),
  (6, 59),
  (1, 61),
  (6, 61),
  (2, 61),
  (2, 62),
  (9, 63),
  (4, 63),
  (3, 65),
  (4, 65),
  (9, 65),
  (1, 65),
  (3, 67),
  (4, 67),
  (8, 67),
  (9, 67),
  (8, 68),
  (2, 68),
  (1, 68),
  (9, 69),
  (3, 69),
  (1, 70),
  (8, 71),
  (4, 71),
  (6, 71),
  (8, 72),
  (2, 74),
  (1, 74),
  (3, 74),
  (7, 74),
  (3, 75),
  (2, 75),
  (5, 76),
  (1, 76),
  (9, 78),
  (6, 78),
  (7, 78),
  (8, 78),
  (9, 80),
  (5, 80),
  (6, 81),
  (2, 81),
  (4, 81),
  (8, 82),
  (6, 84),
  (1, 84),
  (2, 84),
  (2, 86),
  (8, 86),
  (1, 88),
  (2, 88),
  (10, 88),
  (9, 88),
  (1, 89),
  (7, 89),
  (2, 89),
  (9, 89),
  (10, 90),
  (1, 91),
  (7, 91),
  (10, 92),
  (6, 92),
  (1, 92),
  (1, 93),
  (8, 93),
  (3, 93),
  (2, 93),
  (3, 96),
  (3, 97),
  (7, 98);

-- Seeding Comments
INSERT INTO comments (user_id, image_id, body) VALUES
  (4, 1, 'Perfect timing, lighting is incredible.'),
  (1, 2, 'Brilliant shot!'),
  (7, 2, 'Simply gorgeous.'),
  (7, 3, 'Wow, this is absolutely beautiful!'),
  (7, 3, 'Such clean lines and framing.'),
  (9, 3, 'Such clean lines and framing.'),
  (1, 5, 'This is phenomenal.'),
  (10, 5, 'Incredible work!'),
  (1, 7, 'Perfect composition.'),
  (3, 7, 'Simply gorgeous.'),
  (2, 7, 'Perfect composition.'),
  (4, 8, 'Wow, this is absolutely beautiful!'),
  (8, 8, 'So peaceful and calm.'),
  (1, 10, 'This is phenomenal.'),
  (3, 10, 'Awesome shot!'),
  (1, 10, 'Stunning composition, love the colors here.'),
  (9, 12, 'Perfect composition.'),
  (7, 13, 'Which lens did you use for this?'),
  (1, 14, 'What an amazing view!'),
  (10, 14, 'Stunning composition, love the colors here.'),
  (10, 14, 'Incredible work!'),
  (9, 15, 'The aesthetic of this is top-notch.'),
  (3, 15, 'The lighting here is unreal.'),
  (4, 16, 'This makes me want to travel right now.'),
  (7, 16, 'Wow, this is absolutely beautiful!'),
  (1, 16, 'So peaceful and calm.'),
  (6, 17, 'This is phenomenal.'),
  (5, 17, 'Brilliant shot!'),
  (3, 17, 'Such clean lines and framing.'),
  (6, 18, 'Incredible details, looks so cinematic.'),
  (1, 18, 'Perfect timing, lighting is incredible.'),
  (2, 18, 'So peaceful and calm.'),
  (10, 19, 'Brilliant shot!'),
  (7, 20, 'The lighting here is unreal.'),
  (6, 20, 'This makes me want to travel right now.'),
  (6, 20, 'Stunning composition, love the colors here.'),
  (5, 21, 'What an amazing view!'),
  (5, 21, 'This is phenomenal.'),
  (8, 21, 'Perfect timing, lighting is incredible.'),
  (10, 22, 'What an amazing view!'),
  (3, 22, 'This makes me want to travel right now.'),
  (6, 23, 'Brilliant shot!'),
  (10, 24, 'Super creative, I love it!'),
  (1, 24, 'Brilliant shot!'),
  (7, 24, 'The aesthetic of this is top-notch.'),
  (2, 26, 'What an amazing view!'),
  (9, 26, 'Wow, this is absolutely beautiful!'),
  (7, 27, 'Such clean lines and framing.'),
  (5, 27, 'Love everything about this!'),
  (1, 27, 'Perfect timing, lighting is incredible.'),
  (3, 28, 'This is pure art! Keep up the great work.'),
  (2, 28, 'Wow, this is absolutely beautiful!'),
  (8, 29, 'The aesthetic of this is top-notch.'),
  (5, 29, 'Awesome shot!'),
  (7, 30, 'The lighting here is unreal.'),
  (9, 31, 'Brilliant shot!'),
  (8, 31, 'Wow, this is absolutely beautiful!'),
  (7, 32, 'Perfect composition.'),
  (10, 34, 'So peaceful and calm.'),
  (2, 34, 'Wow, this is absolutely beautiful!'),
  (1, 34, 'Simply gorgeous.'),
  (1, 35, 'This makes me want to travel right now.'),
  (10, 35, 'Perfect timing, lighting is incredible.'),
  (2, 36, 'So peaceful and calm.'),
  (7, 36, 'Awesome shot!'),
  (8, 36, 'Stunning composition, love the colors here.'),
  (2, 37, 'Incredible details, looks so cinematic.'),
  (9, 37, 'This is phenomenal.'),
  (7, 39, 'Love everything about this!'),
  (2, 40, 'Super creative, I love it!'),
  (9, 40, 'This makes me want to travel right now.'),
  (3, 40, 'Such clean lines and framing.'),
  (8, 42, 'The lighting here is unreal.'),
  (6, 42, 'Stunning composition, love the colors here.'),
  (9, 42, 'The aesthetic of this is top-notch.'),
  (6, 43, 'Stunning composition, love the colors here.'),
  (6, 44, 'Perfect timing, lighting is incredible.'),
  (2, 44, 'Perfect timing, lighting is incredible.'),
  (7, 45, 'Super creative, I love it!'),
  (1, 45, 'Wow, this is absolutely beautiful!'),
  (1, 46, 'Super creative, I love it!'),
  (2, 46, 'This is phenomenal.'),
  (4, 46, 'Super creative, I love it!'),
  (6, 47, 'Perfect timing, lighting is incredible.'),
  (2, 47, 'So peaceful and calm.'),
  (8, 49, 'Incredible details, looks so cinematic.'),
  (1, 49, 'Perfect composition.'),
  (7, 50, 'This is pure art! Keep up the great work.'),
  (10, 51, 'Which lens did you use for this?'),
  (6, 51, 'Perfect timing, lighting is incredible.'),
  (5, 51, 'The lighting here is unreal.'),
  (1, 52, 'This makes me want to travel right now.'),
  (8, 53, 'So peaceful and calm.'),
  (1, 54, 'Wow, this is absolutely beautiful!'),
  (10, 54, 'Stunning composition, love the colors here.'),
  (8, 54, 'The aesthetic of this is top-notch.'),
  (3, 56, 'Love everything about this!'),
  (5, 56, 'Perfect timing, lighting is incredible.'),
  (1, 56, 'Perfect composition.'),
  (5, 57, 'Super creative, I love it!'),
  (3, 58, 'Incredible work!'),
  (10, 59, 'Awesome shot!'),
  (7, 59, 'Which lens did you use for this?'),
  (7, 60, 'Super creative, I love it!'),
  (7, 60, 'Simply gorgeous.'),
  (10, 60, 'Brilliant shot!'),
  (10, 61, 'This makes me want to travel right now.'),
  (7, 61, 'Super creative, I love it!'),
  (7, 61, 'Simply gorgeous.'),
  (5, 62, 'Incredible work!'),
  (3, 63, 'Simply gorgeous.'),
  (4, 64, 'Incredible work!'),
  (4, 64, 'Incredible work!'),
  (7, 64, 'This is pure art! Keep up the great work.'),
  (9, 65, 'The lighting here is unreal.'),
  (8, 65, 'This is phenomenal.'),
  (9, 65, 'Incredible work!'),
  (8, 66, 'Which lens did you use for this?'),
  (9, 66, 'This is phenomenal.'),
  (5, 70, 'Perfect composition.'),
  (3, 70, 'This makes me want to travel right now.'),
  (1, 71, 'So peaceful and calm.'),
  (6, 72, 'Such clean lines and framing.'),
  (7, 72, 'This is phenomenal.'),
  (1, 74, 'What an amazing view!'),
  (5, 74, 'What an amazing view!'),
  (8, 75, 'Awesome shot!'),
  (10, 75, 'What an amazing view!'),
  (9, 76, 'Which lens did you use for this?'),
  (1, 76, 'This makes me want to travel right now.'),
  (10, 76, 'Incredible work!'),
  (7, 77, 'This makes me want to travel right now.'),
  (5, 77, 'This is pure art! Keep up the great work.'),
  (10, 77, 'Awesome shot!'),
  (9, 79, 'This is pure art! Keep up the great work.'),
  (1, 79, 'Which lens did you use for this?'),
  (2, 81, 'This makes me want to travel right now.'),
  (10, 81, 'What an amazing view!'),
  (1, 82, 'Incredible details, looks so cinematic.'),
  (4, 82, 'Love everything about this!'),
  (10, 84, 'Simply gorgeous.'),
  (1, 86, 'Incredible work!'),
  (7, 86, 'Perfect timing, lighting is incredible.'),
  (3, 86, 'Which lens did you use for this?'),
  (10, 88, 'What an amazing view!'),
  (3, 88, 'Simply gorgeous.'),
  (2, 88, 'What an amazing view!'),
  (1, 89, 'Perfect composition.'),
  (8, 90, 'So peaceful and calm.'),
  (6, 91, 'Super creative, I love it!'),
  (1, 92, 'Stunning composition, love the colors here.'),
  (3, 93, 'So peaceful and calm.'),
  (6, 93, 'Wow, this is absolutely beautiful!'),
  (4, 94, 'Perfect composition.'),
  (5, 95, 'The aesthetic of this is top-notch.'),
  (9, 96, 'What an amazing view!'),
  (8, 96, 'Brilliant shot!'),
  (8, 96, 'The aesthetic of this is top-notch.'),
  (5, 97, 'Incredible details, looks so cinematic.'),
  (7, 98, 'Stunning composition, love the colors here.'),
  (2, 99, 'Brilliant shot!');

-- Seeding Follows
INSERT INTO follows (follower_id, following_id) VALUES
  (1, 8),
  (1, 3),
  (2, 5),
  (2, 10),
  (3, 8),
  (3, 7),
  (4, 9),
  (4, 1),
  (4, 10),
  (4, 5),
  (4, 8),
  (5, 2),
  (5, 4),
  (5, 9),
  (6, 3),
  (6, 10),
  (6, 5),
  (7, 10),
  (7, 8),
  (7, 9),
  (8, 6),
  (8, 10),
  (8, 5),
  (8, 1),
  (9, 7),
  (9, 5),
  (10, 3),
  (10, 2),
  (10, 5);

COMMIT;
